NAME,AGE,OVA,POT,TEAM & CONTRACT,NATIONALITY,HEIGHT,WEIGHT,VALUE,WAGE,Position,AGE^2,AGE^3,AGE^4,Logwage,Logvalue
æA. Ayew,27,79,79,West Ham United,Ghana,69,159,14.6,123,B,729,19683,531441,2.089905111,1.164352856
æA. Baba,22,77,84,Chelsea,Ghana,70,154,11.8,90,B,484,10648,234256,1.954242509,1.071882007
æA. Barnes,27,74,74,Burnley,Austria,73,168,6.7,59,D,729,19683,531441,1.770852012,0.826074803
æA. Begovi_,30,82,82,Bournemouth,Bosnia and Herzegovina,78,183,15.7,71,GK,900,27000,810000,1.851258349,1.195899652
æA. Birch,20,57,64,Burnley,England,70,159,0.134,5,D,400,8000,160000,0.698970004,-0.872895202
æA. Bogdàn,29,70,70,Liverpool,Hungary,76,203,1.3,51,GK,841,24389,707281,1.707570176,0.113943352
æA. Boruc,37,77,77,Bournemouth,Poland,76,192,0.672,36,GK,1369,50653,1874161,1.556302501,-0.172630727
æA. Bradley,18,60,79,West Bromwich Albion,England,70,141,0.476,5,M,324,5832,104976,0.698970004,-0.322393047
æA. CarrilloæL,26,77,78,Watford,Peru,71,172,11.8,16,M,676,17576,456976,1.204119983,1.071882007
æA. Carroll,28,78,78,West Ham United,England,76,174,11.8,118,F,784,21952,614656,2.071882007,1.071882007
æA. Christensen,21,81,89,Chelsea,Denmark,74,172,25.8,96,D,441,9261,194481,1.982271233,1.411619706
æA. Connolly,17,55,72,Brighton & Hove Albion,Ireland,69,161,0.202,5,F,289,4913,83521,0.698970004,-0.694648631
æA. Cresswell,27,76,77,West Ham United,England,67,146,7.8,93,D,729,19683,531441,1.968482949,0.892094603
æA. Doucour_,24,78,84,Watford,France,72,152,13.4,50,M,576,13824,331776,1.698970004,1.127104798
æA. Dragovi_æL,26,77,80,Leicester City,Austria,72,168,10.1,53,D,676,17576,456976,1.72427587,1.004321374
æA. Evans,18,60,76,Everton,England,67,150,0.476,7,M,324,5832,104976,0.84509804,-0.322393047
æA. Federici,32,73,73,Bournemouth,Australia,74,198,2.6,46,GK,1024,32768,1048576,1.662757832,0.414973348
æA. Georgiou,20,58,74,Tottenham Hotspur,Cyprus,70,161,0.314,9,M,400,8000,160000,0.954242509,-0.503070352
æA. Gomes,16,64,89,Manchester United,England,66,115,1.1,10,M,256,4096,65536,1,0.041392685
æA. Gray,26,77,80,Watford,England,71,172,12.3,70,F,676,17576,456976,1.84509804,1.089905111
æA. Hegazy,26,73,76,West Bromwich Albion,Egypt,77,183,4.7,58,D,676,17576,456976,1.763427994,0.672097858
æA. Iwobi,21,74,85,Arsenal,Nigeria,71,165,10.6,71,F,441,9261,194481,1.851258349,1.025305865
æA. Jones,19,60,75,Southampton,England,71,154,0.448,5,D,361,6859,130321,0.698970004,-0.348721986
æA. King,28,72,72,Leicester City,Wales,72,174,3.5,48,M,784,21952,614656,1.681241237,0.544068044
æA. King,21,59,71,Swansea City,Scotland,71,165,0.314,7,M,441,9261,194481,0.84509804,-0.503070352
æA. Knockaert,25,76,79,Brighton & Hove Albion,France,68,152,10.6,56,M,625,15625,390625,1.748188027,1.025305865
æA. Lacazette,26,85,88,Arsenal,France,69,161,54.3,202,ST,676,17576,456976,2.305351369,1.73479983
æA. Lallana,29,83,83,Liverpool,England,68,161,28,151,M,841,24389,707281,2.178976947,1.447158031
æA. Legzdins,30,65,65,Burnley,England,75,172,0.392,11,GK,900,27000,810000,1.041392685,-0.406713933
æA. Lennon,30,77,77,Everton,England,65,139,9.5,108,M,900,27000,810000,2.033423755,0.977723605
æA. Lindegaard,33,70,70,Burnley,Denmark,76,174,1,29,GK,1089,35937,1185921,1.462397998,0
æA. Lookman,19,64,82,Everton,England,69,172,1.1,15,F,361,6859,130321,1.176091259,0.041392685
æA. Maitland-Niles,19,66,79,Arsenal,England,70,157,1.3,15,B,361,6859,130321,1.176091259,0.113943352
æA. Mariappa,30,72,72,Watford,Jamaica,71,172,2.5,35,D,900,27000,810000,1.544068044,0.397940009
æA. Martial,21,82,90,Manchester United,France,71,168,37,129,B,441,9261,194481,2.11058971,1.568201724
æA. Masuaku,23,75,81,West Ham United,DR Congo,70,154,8.4,67,D,529,12167,279841,1.826074803,0.924279286
æA. Mat_j_,21,66,75,Brighton & Hove Albion,Czech Republic,72,174,0.952,10,D,441,9261,194481,1,-0.021363052
æA. Mawson,23,73,84,Swansea City,England,74,192,6.7,50,D,529,12167,279841,1.698970004,0.826074803
æA. McCarthy,27,75,77,Southampton,England,76,174,6.2,55,GK,729,19683,531441,1.740362689,0.792391689
æA. McGregor,35,74,74,Hull City,Scotland,72,185,1.5,7,GK,1225,42875,1500625,0.84509804,0.176091259
æA. Mitrovi_,22,75,80,Newcastle United,Serbia,74,181,10.1,62,F,484,10648,234256,1.792391689,1.004321374
æA. Mooy,26,77,78,Huddersfield Town,Australia,69,172,11.8,59,M,676,17576,456976,1.770852012,1.071882007
æA. Muric,18,63,81,Manchester City,Switzerland,78,179,0.007,6,GK,324,5832,104976,0.77815125,-2.15490196
æA. Musa,24,76,81,Leicester City,Nigeria,67,146,11.8,73,F,576,13824,331776,1.86332286,1.071882007
æA. Muskwe,18,58,73,Leicester City,England,72,157,0.291,6,F,324,5832,104976,0.77815125,-0.536107011
æA. Nyom,29,77,77,West Bromwich Albion,Cameroon,74,179,7.3,73,D,841,24389,707281,1.86332286,0.86332286
æA. Ogbonna,29,79,79,West Ham United,Italy,75,190,11.2,118,D,841,24389,707281,2.071882007,1.049218023
æA. Oxlade-Chamberlain,23,80,85,Liverpool,England,69,154,22.4,118,B,529,12167,279841,2.071882007,1.350248018
æA. Palmer,20,56,65,West Bromwich Albion,England,72,159,0.123,5,GK,400,8000,160000,0.698970004,-0.910094889
æA. Ramsdale,19,61,80,Bournemouth,England,74,170,0.504,4,GK,361,6859,130321,0.602059991,-0.297569464
æA. Ramsey,26,82,83,Arsenal,Wales,72,168,28.6,146,M,676,17576,456976,2.164352856,1.456366033
æA. Robertson,23,75,82,Liverpool,Scotland,70,141,9,71,D,529,12167,279841,1.851258349,0.954242509
æA. RÙdiger,24,82,86,Chelsea,Germany,75,187,27.4,118,D,576,13824,331776,2.071882007,1.437750563
æA. Sabiri,20,62,75,Huddersfield Town,Morocco,73,176,644,7,M,400,8000,160000,0.84509804,2.808885867
æA. Sànchez,28,89,89,Arsenal,Chile,67,137,75.6,297,B,784,21952,614656,2.472756449,1.878521796
æA. Smith,26,73,76,Bournemouth,England,71,172,4.6,57,D,676,17576,456976,1.755874856,0.662757832
æA. Surman,30,75,75,Bournemouth,England,70,161,6.7,62,M,900,27000,810000,1.792391689,0.826074803
æA. Townsend,25,78,79,Crystal Palace,England,71,161,14.6,62,M,625,15625,390625,1.792391689,1.164352856
æA. Tuanzebe,19,73,84,Manchester United,England,73,165,6.7,49,D,361,6859,130321,1.69019608,0.826074803
æA. Valencia,31,83,83,Manchester United,Ecuador,71,183,19,146,D,961,29791,923521,2.164352856,1.278753601
æA. Wan-Bissaka,19,55,71,Crystal Palace,DR Congo,72,159,0.213,4,M,361,6859,130321,0.602059991,-0.671620397
æA. Westwood,27,73,74,Burnley,England,67,148,5,54,M,729,19683,531441,1.73239376,0.698970004
æA. Williams,32,82,82,Everton,Wales,72,170,14,129,D,1024,32768,1048576,2.11058971,1.146128036
æA. Young,31,75,75,Manchester United,England,69,143,4.9,94,M,961,29791,923521,1.973127854,0.69019608
æAdriàn,30,79,79,West Ham United,Spain,75,176,9,90,GK,900,27000,810000,1.954242509,0.954242509
æAlberto Moreno,24,76,79,Liverpool,Spain,67,143,9,85,D,576,13824,331776,1.929418926,0.954242509
æAnder Herrera,27,84,84,Manchester United,Spain,72,154,35.8,213,M,729,19683,531441,2.328379603,1.553883027
æèngel Rangel,34,74,74,Swansea City,Spain,70,181,1.8,58,D,1156,39304,1336336,1.763427994,0.255272505
æAyoze P_rez,23,74,81,Newcastle United,Spain,70,146,9,56,B,529,12167,279841,1.748188027,0.954242509
æAzpilicueta,27,85,87,Chelsea,Spain,70,172,42,179,D,729,19683,531441,2.252853031,1.62324929
æB. Austin,18,57,77,Tottenham Hotspur,England,71,146,0.019,3,GK,324,5832,104976,0.477121255,-1.721246399
æB. Chilwell,20,70,82,Leicester City,England,70,170,3.1,32,D,400,8000,160000,1.505149978,0.491361694
æB. Davies,24,78,82,Tottenham Hotspur,Wales,72,168,12.3,73,D,576,13824,331776,1.86332286,1.089905111
æB. Dja Dj_dj_,26,74,76,Watford,Ivory Coast,66,165,6.2,49,D,676,17576,456976,1.69019608,0.792391689
æB. Foster,34,80,80,West Bromwich Albion,England,76,198,6.7,68,GK,1156,39304,1336336,1.832508913,0.826074803
æB. Hamer,29,68,69,Leicester City,England,76,201,0.784,30,GK,841,24389,707281,1.477121255,-0.105683937
æB. House,18,53,70,West Bromwich Albion,England,73,154,0.112,2,GK,324,5832,104976,0.301029996,-0.950781977
æB. Kayal,29,73,73,Brighton & Hove Albion,Israel,70,163,4.3,51,M,841,24389,707281,1.707570176,0.633468456
æB. Martins Indi,25,79,82,Stoke City,Netherlands,73,168,15.1,80,D,625,15625,390625,1.903089987,1.178976947
æB. Mason,19,66,80,Watford,England,68,154,1.4,7,D,361,6859,130321,0.84509804,0.146128036
æB. Mee,27,78,79,Burnley,England,71,163,11.2,59,D,729,19683,531441,1.770852012,1.049218023
æB. Mendy,22,78,86,Manchester City,France,73,187,14.6,96,D,484,10648,234256,1.982271233,1.164352856
æB. Myhill,34,73,73,West Bromwich Albion,Wales,75,203,1.8,47,GK,1156,39304,1336336,1.672097858,0.255272505
æB. Sako,29,72,72,Crystal Palace,Mali,72,198,3.4,40,B,841,24389,707281,1.602059991,0.531478917
æB. Smith,23,65,74,Bournemouth,Australia,70,154,0.784,14,D,529,12167,279841,1.146128036,-0.105683937
æB. Watson,31,74,74,Watford,England,71,176,4.3,49,M,961,29791,923521,1.69019608,0.633468456
æB. Woodburn,17,65,85,Liverpool,Wales,69,159,1.2,17,F,289,4913,83521,1.230448921,0.079181246
æBernardo Silva,22,84,91,Manchester City,Portugal,68,141,48.7,185,M,484,10648,234256,2.267171728,1.687528961
æBrahim DÕaz,17,66,85,Manchester City,Spain,67,150,1.4,17,M,289,4913,83521,1.230448921,0.146128036
æBruno Saltor,36,73,73,Brighton & Hove Albion,Spain,70,165,0.504,32,D,1296,46656,1679616,1.505149978,-0.297569464
æC. Adam,31,74,74,Stoke City,Scotland,73,183,5.4,64,M,961,29791,923521,1.806179974,0.73239376
æC. Akpom,21,64,75,Arsenal,England,72,154,0.868,23,F,441,9261,194481,1.361727836,-0.061480275
æC. Atsu,25,76,79,Newcastle United,Ghana,68,150,10.6,73,B,625,15625,390625,1.86332286,1.025305865
æC. Austin,27,78,78,Southampton,England,74,185,12.3,96,F,729,19683,531441,1.982271233,1.089905111
æC. Benteke,26,81,83,Crystal Palace,Belgium,75,183,24.6,84,ST,676,17576,456976,1.924279286,1.390935107
æC. Brannagan,21,69,79,Liverpool,England,71,157,1.9,42,M,441,9261,194481,1.62324929,0.278753601
æC. Bravo,34,82,82,Manchester City,Chile,72,176,10.1,123,GK,1156,39304,1336336,2.089905111,1.004321374
æC. Brunt,32,75,75,West Bromwich Albion,Northern Ireland,73,185,5.6,64,M,1024,32768,1048576,1.806179974,0.748188027
æC. Cathcart,28,73,73,Watford,Northern Ireland,75,183,3.6,52,D,784,21952,614656,1.716003344,0.556302501
æC. Chambers,22,75,84,Arsenal,England,72,146,10.1,71,D,484,10648,234256,1.851258349,1.004321374
æC. Clark,27,76,77,Newcastle United,Ireland,74,168,8.4,70,D,729,19683,531441,1.84509804,0.924279286
æC. Daniels,30,75,75,Bournemouth,England,70,165,5.4,57,B,900,27000,810000,1.755874856,0.73239376
æC. Dawson,27,75,76,West Bromwich Albion,England,73,187,6.7,58,D,729,19683,531441,1.763427994,0.826074803
æC. Eriksen,25,87,91,Tottenham Hotspur,Denmark,72,168,72.8,185,M,625,15625,390625,2.267171728,1.862131379
æC. Fuchs,31,76,76,Leicester City,Austria,74,196,5.6,70,D,961,29791,923521,1.84509804,0.748188027
æC. Goldson,24,70,77,Brighton & Hove Albion,England,75,187,2.4,28,D,576,13824,331776,1.447158031,0.380211242
æC. Good,24,64,71,Newcastle United,Australia,74,187,0.616,14,D,576,13824,331776,1.146128036,-0.210419288
æC. Gribbin,18,63,81,Manchester United,England,72,159,0.84,11,M,324,5832,104976,1.041392685,-0.075720714
æC. Harries,20,61,77,Swansea City,Wales,73,161,0.056,9,D,400,8000,160000,0.954242509,-1.251811973
æC. Humphreys-Grant,18,62,79,Manchester City,England,74,176,0.644,9,D,324,5832,104976,0.954242509,-0.191114133
æC. Jordan,18,59,76,Bournemouth,England,73,176,0.325,4,D,324,5832,104976,0.602059991,-0.488116639
æC. Kabasele,26,75,77,Watford,Belgium,74,185,7.3,49,D,676,17576,456976,1.69019608,0.86332286
æC. Kouyat_,27,77,79,West Ham United,Senegal,74,183,9.5,93,M,729,19683,531441,1.968482949,0.977723605
æC. L_we,28,73,73,Huddersfield Town,Germany,69,150,3.5,47,D,784,21952,614656,1.672097858,0.544068044
æC. Maghoma,19,58,71,Tottenham Hotspur,DR Congo,77,194,0.235,5,D,361,6859,130321,0.698970004,-0.628932138
æC. Mahoney,20,67,77,Bournemouth,England,69,148,1.4,29,M,400,8000,160000,1.462397998,0.146128036
æC. Martina,27,71,71,Everton,Curacao,73,170,2.2,59,D,729,19683,531441,1.770852012,0.342422681
æC. Mbemba,22,76,82,Newcastle United,DR Congo,72,181,10.1,60,D,484,10648,234256,1.77815125,1.004321374
æC. Musonda,20,76,85,Chelsea,Belgium,68,146,13.4,90,M,400,8000,160000,1.954242509,1.127104798
æC. Quaner,26,68,70,Huddersfield Town,Germany,75,174,1.2,32,F,676,17576,456976,1.505149978,0.079181246
æC. Schindler,27,73,76,Huddersfield Town,Germany,74,170,4.5,45,D,729,19683,531441,1.653212514,0.653212514
æC. Smalling,27,81,82,Manchester United,England,76,179,19,134,D,729,19683,531441,2.127104798,1.278753601
æC. Taylor,23,73,80,Burnley,England,69,154,5.3,42,D,529,12167,279841,1.62324929,0.72427587
æC. Wickham,24,72,76,Crystal Palace,England,75,198,4.6,37,F,576,13824,331776,1.568201724,0.662757832
æC. Wilson,25,75,79,Bournemouth,England,71,146,9.5,65,F,625,15625,390625,1.812913357,0.977723605
æC. Wood,25,75,78,Burnley,New Zealand,75,209,9.5,57,F,625,15625,390625,1.755874856,0.977723605
æC. Yacob,29,79,79,West Bromwich Albion,Argentina,71,161,11.2,87,M,841,24389,707281,1.939519253,1.049218023
æC_dric,25,79,82,Southampton,Portugal,68,148,14.6,92,D,625,15625,390625,1.963787827,1.164352856
æCesc Föbregas,30,86,86,Chelsea,Spain,71,170,45.9,235,M,900,27000,810000,2.371067862,1.661812686
æCoutinho,25,86,89,Liverpool,Brazil,67,150,62.7,230,M,625,15625,390625,2.361727836,1.797267541
æD. Alli,21,84,90,Tottenham Hotspur,England,74,176,48.2,129,M,441,9261,194481,2.11058971,1.683047038
æD. Amartey,22,75,82,Leicester City,Ghana,73,174,9,50,B,484,10648,234256,1.698970004,0.954242509
æD. Bachmann,22,62,72,Watford,Austria,75,179,0.042,6,GK,484,10648,234256,0.77815125,-1.37675071
æD. Barlaser,20,62,76,Newcastle United,Turkey,72,150,0.728,10,M,400,8000,160000,1,-0.137868621
æD. Blind,27,80,81,Manchester United,Netherlands,71,159,15.1,134,D,729,19683,531441,2.127104798,1.178976947
æD. Calvert-Lewin,20,65,79,Everton,England,73,157,1.3,23,F,400,8000,160000,1.361727836,0.113943352
æD. Cogill,19,57,69,Huddersfield Town,England,73,181,0.179,3,D,361,6859,130321,0.477121255,-0.747146969
æD. Delaney,35,74,74,Crystal Palace,Ireland,75,196,1.5,35,D,1225,42875,1500625,1.544068044,0.176091259
æD. Drinkwater,27,79,80,Chelsea,England,70,154,15.7,140,M,729,19683,531441,2.146128036,1.195899652
æD. Faupala,20,62,74,Manchester City,France,73,159,0.616,17,F,400,8000,160000,1.230448921,-0.210419288
æD. Fletcher,33,76,76,Stoke City,Scotland,72,183,5.1,76,M,1089,35937,1185921,1.880813592,0.707570176
æD. Gayle,26,75,78,Newcastle United,England,70,161,9.5,70,F,676,17576,456976,1.84509804,0.977723605
æD. Gosling,27,73,73,Bournemouth,England,72,174,4.6,62,M,729,19683,531441,1.792391689,0.662757832
æD. Gray,21,73,83,Leicester City,England,71,163,7.3,50,M,441,9261,194481,1.698970004,0.86332286
æD. Gyollai,20,60,76,Stoke City,Hungary,76,201,0.042,5,GK,400,8000,160000,0.698970004,-1.37675071
æD. Henry,24,66,72,West Ham United,Canada,74,181,0.084,19,D,576,13824,331776,1.278753601,-1.075720714
æD. Hutchinson,20,53,70,Brighton & Hove Albion,Ireland,68,157,0.146,5,M,400,8000,160000,0.698970004,-0.835647144
æD. Ings,24,76,80,Liverpool,England,70,161,11.2,103,F,576,13824,331776,2.012837225,1.049218023
æD. Iversen,19,62,76,Leicester City,Denmark,76,176,0.588,4,GK,361,6859,130321,0.602059991,-0.230622674
æD. Janmaat,27,77,77,Watford,Netherlands,73,176,8.4,59,D,729,19683,531441,1.770852012,0.924279286
æD. Jarvis,19,61,78,Stoke City,England,70,141,0.588,7,M,361,6859,130321,0.84509804,-0.230622674
æD. Johnson,18,59,76,Leicester City,England,73,176,0.325,4,D,324,5832,104976,0.602059991,-0.488116639
æD. Kane,20,53,70,Huddersfield Town,Ireland,73,161,0.134,4,D,400,8000,160000,0.602059991,-0.872895202
æD. Kemp,18,58,73,West Ham United,England,66,139,0.291,7,ST,324,5832,104976,0.84509804,-0.536107011
æD. Klaassen,24,82,85,Everton,Netherlands,70,154,30.8,123,M,576,13824,331776,2.089905111,1.488550717
æD. Lovren,27,81,83,Liverpool,Croatia,74,185,19.6,123,D,729,19683,531441,2.089905111,1.292256071
æD. Marney,33,72,72,Burnley,England,72,159,2,39,M,1089,35937,1185921,1.591064607,0.301029996
æD. Meredith,17,60,73,West Bromwich Albion,Scotland,68,141,0.336,4,D,289,4913,83521,0.602059991,-0.473660723
æD. Mitchell,20,64,80,Manchester United,England,69,157,1,20,D,400,8000,160000,1.301029996,0
æD. Ospina,28,79,79,Arsenal,Colombia,72,176,10.1,102,GK,784,21952,614656,2.008600172,1.004321374
æD. Pr_pper,25,77,80,Brighton & Hove Albion,Netherlands,73,174,12.3,56,M,625,15625,390625,1.748188027,1.089905111
æD. Rice,18,60,78,West Ham United,Ireland,74,168,0.042,6,D,324,5832,104976,0.77815125,-1.37675071
æD. Rose,26,82,83,Tottenham Hotspur,England,69,168,23.5,111,D,676,17576,456976,2.045322979,1.371067862
æD. Sakho,27,75,76,West Ham United,Senegal,72,174,9,93,F,729,19683,531441,1.968482949,0.954242509
æD. Sànchez,21,81,88,Tottenham Hotspur,Colombia,74,174,24.1,78,D,441,9261,194481,1.892094603,1.382017043
æD. Simpson,30,75,75,Leicester City,England,69,176,5.4,58,D,900,27000,810000,1.763427994,0.73239376
æD. Solanke,19,70,84,Liverpool,England,73,165,4.3,42,F,361,6859,130321,1.62324929,0.633468456
æD. Stephens,28,74,74,Brighton & Hove Albion,England,73,157,6.2,51,M,784,21952,614656,1.707570176,0.792391689
æD. Sterling,17,62,82,Chelsea,England,73,179,0.588,9,B,289,4913,83521,0.954242509,-0.230622674
æD. Sturridge,27,82,82,Liverpool,England,71,168,26.3,157,ST,729,19683,531441,2.195899652,1.419955748
æD. Tadi_,28,80,80,Southampton,Serbia,71,168,16.8,110,M,784,21952,614656,2.041392685,1.225309282
æD. Ward,24,70,78,Liverpool,Wales,75,194,2.2,40,GK,576,13824,331776,1.602059991,0.342422681
æD. Welbeck,26,80,81,Arsenal,England,73,161,19.6,146,ST,676,17576,456976,2.164352856,1.292256071
æD. Whitehead,35,66,66,Huddersfield Town,England,72,170,0.168,9,M,1225,42875,1500625,0.954242509,-0.774690718
æD. Williams,28,71,71,Huddersfield Town,United States,72,176,2.6,37,M,784,21952,614656,1.568201724,0.414973348
æD. Yedlin,23,73,80,Newcastle United,United States,68,161,5.3,50,D,529,12167,279841,1.698970004,0.72427587
æD. Zappacosta,25,79,83,Chelsea,Italy,72,154,15.1,123,D,625,15625,390625,2.089905111,1.178976947
æDanilo,25,78,81,Manchester City,Brazil,72,172,11.8,107,D,625,15625,390625,2.029383778,1.071882007
æDavid Luiz,30,86,86,Chelsea,Brazil,74,185,37,213,D,900,27000,810000,2.328379603,1.568201724
æDavid Silva,31,87,87,Manchester City,Spain,68,148,49.3,246,M,961,29791,923521,2.390935107,1.692846919
æDe Gea,26,90,92,Manchester United,Spain,76,168,72.2,241,GK,676,17576,456976,2.382017043,1.858537198
æDiego Costa,28,86,86,Chelsea,Spain,73,192,51.5,263,ST,784,21952,614656,2.419955748,1.711807229
æDomingos Quina,17,62,82,West Ham United,Portugal,68,143,0.672,9,M,289,4913,83521,0.954242509,-0.172630727
æE. Ampadu,16,57,83,Chelsea,Wales,72,150,0.235,4,M,256,4096,65536,0.602059991,-0.628932138
æE. Bailly,23,84,89,Manchester United,Ireland,74,170,39.8,168,D,529,12167,279841,2.225309282,1.599883072
æE. Can,23,80,85,Liverpool,Germany,72,181,21.8,118,M,529,12167,279841,2.071882007,1.338456494
æE. Capoue,28,76,76,Watford,France,75,192,8.4,67,M,784,21952,614656,1.826074803,0.924279286
æE. Choupo-Moting,28,77,77,Stoke City,Cameroon,75,201,10.1,80,F,784,21952,614656,1.903089987,1.004321374
æE. Dier,23,82,87,Tottenham Hotspur,England,74,198,28,95,B,529,12167,279841,1.977723605,1.447158031
æE. Fernandes,21,69,81,West Ham United,Switzerland,75,170,2.1,40,M,441,9261,194481,1.602059991,0.322219295
æE. Hazard,26,90,91,Chelsea,Germany,68,168,101.4,330,M,676,17576,456976,2.51851394,2.006037955
æE. Hyndman,21,67,80,Bournemouth,United States,67,134,1.6,29,M,441,9261,194481,1.462397998,0.204119983
æE. Jakupovi_,32,72,72,Leicester City,Switzerland,75,187,2,34,GK,1024,32768,1048576,1.531478917,0.301029996
æE. Kachunga,25,72,75,Huddersfield Town,DR Congo,70,163,4.4,34,F,625,15625,390625,1.531478917,0.643452676
æE. Lamela,25,80,83,Tottenham Hotspur,Argentina,71,176,20.7,108,M,625,15625,390625,2.033423755,1.315970345
æE. Lecygne,20,60,70,Stoke City,France,71,148,0.364,7,M,400,8000,160000,0.84509804,-0.438898616
æE. Mangala,26,78,81,Manchester City,France,74,185,12.3,112,D,676,17576,456976,2.049218023,1.089905111
æE. Mulder,28,72,73,Swansea City,Netherlands,76,194,2.8,36,GK,784,21952,614656,1.556302501,0.447158031
æE. Nketiah,18,59,80,Arsenal,England,70,154,0.392,9,F,324,5832,104976,0.954242509,-0.406713933
æE. Pierce,18,55,72,West Bromwich Albion,Ireland,72,150,0.202,6,GK,324,5832,104976,0.77815125,-0.694648631
æE. Pieters,28,75,75,Stoke City,Netherlands,72,185,6.2,61,D,784,21952,614656,1.785329835,0.792391689
æE. Ross,20,50,62,West Bromwich Albion,England,77,207,0.045,4,GK,400,8000,160000,0.602059991,-1.346787486
æE. Schelotto,28,75,75,Brighton & Hove Albion,Italy,74,168,6.2,47,B,784,21952,614656,1.672097858,0.792391689
æEderson,23,83,89,Manchester City,Brazil,74,190,29.1,97,GK,529,12167,279841,1.986771734,1.463892989
æEduardo,34,75,75,Chelsea,Portugal,74,194,3,71,GK,1156,39304,1336336,1.851258349,0.477121255
æErik Sarmiento,18,53,72,Manchester City,Spain,72,154,0.123,6,D,324,5832,104976,0.77815125,-0.910094889
æF. Coquelin,26,79,80,Arsenal,France,70,163,13.4,123,M,676,17576,456976,2.089905111,1.127104798
æF. Delph,27,77,78,Manchester City,England,69,132,11.2,123,M,729,19683,531441,2.089905111,1.049218023
æF. Fernàndez,28,79,79,Swansea City,Argentina,74,183,11.2,87,D,784,21952,614656,1.939519253,1.049218023
æF. Forster,29,77,78,Southampton,England,79,205,7.8,69,GK,841,24389,707281,1.838849091,0.892094603
æF. Gardo_,28,70,70,Southampton,Romania,76,185,1.6,50,D,784,21952,614656,1.698970004,0.204119983
æF. HadergjonajæL,22,72,79,Huddersfield Town,Switzerland,72,161,4.1,15,D,484,10648,234256,1.176091259,0.612783857
æF. Ladapo,24,62,66,Crystal Palace,Nigeria,72,174,0.448,10,F,576,13824,331776,1,-0.348721986
æF. Lejeune,26,79,83,Newcastle United,France,75,179,15.1,84,D,676,17576,456976,1.924279286,1.178976947
æF. Ulvestad,25,66,69,Burnley,Norway,72,174,0.896,15,M,625,15625,390625,1.176091259,-0.04769199
æF. Woodman,20,62,78,Newcastle United,England,74,183,0.616,6,GK,400,8000,160000,0.77815125,-0.210419288
æFernandinho,32,82,82,Manchester City,Brazil,70,148,14,146,B,1024,32768,1048576,2.164352856,1.146128036
æG. Barry,36,79,79,West Bromwich Albion,England,72,172,1.9,60,M,1296,46656,1679616,1.77815125,0.278753601
æG. Bong,29,72,72,Brighton & Hove Albion,Cameroon,72,163,2.6,34,D,841,24389,707281,1.531478917,0.414973348
æG. Cahill,31,84,84,Chelsea,England,76,190,23.5,179,D,961,29791,923521,2.252853031,1.371067862
æG. Cameron,31,76,76,Stoke City,United States,75,185,5.6,70,D,961,29791,923521,1.84509804,0.748188027
æG. Diangana,19,58,68,West Ham United,England,71,161,0.224,7,M,361,6859,130321,0.84509804,-0.649751982
æG. Johnson,32,75,75,Stoke City,England,72,172,4.1,58,D,1024,32768,1048576,1.763427994,0.612783857
æG. KrychowiakæL,27,81,83,West Bromwich Albion,Poland,73,187,19.6,90,M,729,19683,531441,1.954242509,1.292256071
æG. McAuley,37,77,77,West Bromwich Albion,Northern Ireland,75,196,1.3,50,D,1369,50653,1874161,1.698970004,0.113943352
æG. McEachran,16,59,81,Chelsea,England,69,143,0.392,5,M,256,4096,65536,0.698970004,-0.406713933
æG. Murray,33,73,73,Brighton & Hove Albion,England,73,185,2.8,54,F,1089,35937,1185921,1.73239376,0.447158031
æG. Nkoudou,22,77,83,Tottenham Hotspur,France,69,161,13.4,82,M,484,10648,234256,1.913813852,1.127104798
æG. Sigur_sson,27,82,82,Everton,Iceland,73,170,25.8,146,M,729,19683,531441,2.164352856,1.411619706
æG. Thomas,20,63,77,Leicester City,Wales,68,168,0.896,10,B,400,8000,160000,1,-0.04769199
æG. Wijnaldum,26,82,85,Liverpool,Netherlands,69,152,30.2,146,M,676,17576,456976,2.164352856,1.480006943
æG. Xhaka,24,82,85,Arsenal,Switzerland,73,181,30.8,123,M,576,13824,331776,2.089905111,1.488550717
æG. Zabret,21,62,74,Swansea City,Slovenia,74,176,476,6,GK,441,9261,194481,0.77815125,2.677606953
æG. Zelalem,20,65,75,Arsenal,United States,71,154,0.098,20,M,400,8000,160000,1.301029996,-1.008773924
æGabriel Jesus,20,81,92,Manchester City,Brazil,69,161,34.7,129,ST,400,8000,160000,2.11058971,1.540329475
æGomes,36,79,79,Watford,Brazil,75,201,1.9,37,GK,1296,46656,1679616,1.568201724,0.278753601
æH. Arter,27,77,78,Bournemouth,Ireland,69,154,11.2,74,M,729,19683,531441,1.86923172,1.049218023
æH. BjÀrdal,20,65,75,Brighton & Hove Albion,Norway,69,176,0.98,11,M,400,8000,160000,1.041392685,-0.008773924
æH. Choudhury,19,65,76,Leicester City,England,70,141,0.896,9,M,361,6859,130321,0.954242509,-0.04769199
æH. Flowers,21,57,66,Burnley,England,74,165,0.157,5,D,441,9261,194481,0.698970004,-0.804100348
æH. Kane,23,86,90,Tottenham Hotspur,England,74,190,66.1,185,ST,529,12167,279841,2.267171728,1.820201459
æH. Limb,17,57,72,Burnley,England,70,154,0.235,5,ST,289,4913,83521,0.698970004,-0.628932138
æH. Lloris,30,88,88,Tottenham Hotspur,France,74,181,42.6,185,GK,900,27000,810000,2.267171728,1.629409599
æH. Maguire,24,77,83,Leicester City,England,76,220,11.8,60,D,576,13824,331776,1.77815125,1.071882007
æH. Mkhitaryan,28,85,85,Manchester United,Armenia,70,165,43.7,218,M,784,21952,614656,2.338456494,1.640481437
æH. Robson-Kanu,28,67,67,West Bromwich Albion,Wales,72,183,0.896,43,B,784,21952,614656,1.633468456,-0.04769199
æH. Saivet,26,77,80,Newcastle United,Senegal,69,161,12.3,77,B,676,17576,456976,1.886490725,1.089905111
æH. Son,24,82,85,Tottenham Hotspur,Korea Republic (South Korea),72,170,31.4,106,B,576,13824,331776,2.025305865,1.496929648
æH. Souttar,18,59,76,Stoke City,Scotland,79,174,0.325,4,D,324,5832,104976,0.602059991,-0.488116639
æH. Wilson,20,61,79,Liverpool,Wales,68,154,616,15,B,400,8000,160000,1.176091259,2.789580712
æH. Winks,21,72,84,Tottenham Hotspur,England,69,163,6.2,44,M,441,9261,194481,1.643452676,0.792391689
æH_ctor BellerÕn,22,81,88,Arsenal,Spain,70,163,23.5,102,D,484,10648,234256,2.008600172,1.371067862
æI. Afellay,31,78,78,Stoke City,Netherlands,71,168,10.1,76,M,961,29791,923521,1.880813592,1.004321374
æI. Brown,20,71,81,Brighton & Hove Albion,England,72,154,4.3,28,F,400,8000,160000,1.447158031,0.633468456
æI. Gueye,27,83,84,Everton,Senegal,69,146,27.4,129,M,729,19683,531441,2.11058971,1.437750563
æI. GÙndo_an,26,85,87,Manchester City,Germany,71,176,51.5,213,M,676,17576,456976,2.328379603,1.711807229
æI. Hayden,22,71,79,Newcastle United,England,74,174,3.4,36,D,484,10648,234256,1.556302501,0.531478917
æI. Slimani,29,82,82,Leicester City,Algeria,74,183,24.6,112,ST,841,24389,707281,2.049218023,1.390935107
æI. Success,21,73,83,Watford,Nigeria,72,198,7.3,42,F,441,9261,194481,1.62324929,0.86332286
æIborra,29,82,82,Leicester City,Spain,75,201,19,95,M,841,24389,707281,1.977723605,1.278753601
æJ. Allen,27,77,78,Stoke City,Wales,66,137,11.2,76,M,729,19683,531441,1.880813592,1.049218023
æJ. Ayew,25,76,79,Swansea City,Ghana,72,179,11.2,80,F,625,15625,390625,1.903089987,1.049218023
æJ. Bednarek,21,68,80,Southampton,Poland,74,170,1.6,31,D,441,9261,194481,1.491361694,0.204119983
æJ. Boyle,19,52,67,Huddersfield Town,England,66,143,0.123,3,D,361,6859,130321,0.477121255,-0.910094889
æJ. Butland,24,81,87,Stoke City,England,77,209,20.2,56,GK,576,13824,331776,1.748188027,1.305351369
æJ. Castillo,17,58,77,Chelsea,Netherlands,71,168,0.028,8,M,289,4913,83521,0.903089987,-1.552841969
æJ. Clarke-Salter,19,63,79,Chelsea,England,74,154,0.812,9,D,361,6859,130321,0.954242509,-0.090443971
æJ. Colback,27,73,75,Newcastle United,England,69,154,4.4,59,M,729,19683,531441,1.770852012,0.643452676
æJ. Coleman,21,60,72,Huddersfield Town,England,78,181,0.325,4,GK,441,9261,194481,0.602059991,-0.488116639
æJ. Collins,33,76,76,West Ham United,Wales,74,183,3.5,93,D,1089,35937,1185921,1.968482949,0.544068044
æJ. Cork,28,78,79,Burnley,England,73,152,10.6,62,M,784,21952,614656,1.792391689,1.025305865
æJ. Debayo,20,58,66,Leicester City,Nigeria,72,150,0.179,6,D,400,8000,160000,0.77815125,-0.747146969
æJ. Defoe,34,80,80,Bournemouth,England,67,143,9,97,ST,1156,39304,1336336,1.986771734,0.954242509
æJ. Evans,29,79,79,West Bromwich Albion,England,74,170,11.2,87,D,841,24389,707281,1.939519253,1.049218023
æJ. Flanagan,24,70,76,Liverpool,England,71,174,2.3,51,D,576,13824,331776,1.707570176,0.361727836
æJ. Foyth,19,68,86,Tottenham Hotspur,Argentina,74,152,1.9,22,D,361,6859,130321,1.342422681,0.278753601
æJ. Fulton,23,70,81,Swansea City,Scotland,72,172,3,36,M,529,12167,279841,1.556302501,0.477121255
æJ. Gomez,20,70,82,Liverpool,England,74,170,3.2,45,D,400,8000,160000,1.653212514,0.505149978
æJ. Gorenc Stankovi_,21,62,76,Huddersfield Town,Slovenia,75,172,672,6,D,441,9261,194481,0.77815125,2.827369273
æJ. Gu_mundsson,26,73,74,Burnley,Iceland,70,170,5.3,54,B,676,17576,456976,1.73239376,0.72427587
æJ. Haugaard,25,64,70,Stoke City,Denmark,78,192,0.504,13,GK,625,15625,390625,1.113943352,-0.297569464
æJ. Henderson,27,82,84,Liverpool,England,72,148,24.1,129,M,729,19683,531441,2.11058971,1.382017043
æJ. Hendrick,25,75,80,Burnley,Ireland,73,174,9.5,52,M,625,15625,390625,1.716003344,0.977723605
æJ. Hernàndez,29,82,82,West Ham United,Mexico,69,161,24.6,151,ST,841,24389,707281,2.178976947,1.390935107
æJ. Hesketh,21,64,78,Southampton,England,66,154,1.1,16,M,441,9261,194481,1.204119983,0.041392685
æJ. Hogg,28,74,74,Huddersfield Town,England,69,161,5.1,47,M,784,21952,614656,1.672097858,0.707570176
æJ. Holebas,33,78,78,Watford,Greece,73,179,4.5,59,B,1089,35937,1185921,1.770852012,0.653212514
æJ. Holmes,20,55,71,Bournemouth,Australia,74,165,0.179,5,GK,400,8000,160000,0.698970004,-0.747146969
æJ. Ibe,21,71,80,Bournemouth,England,69,179,4.1,35,M,441,9261,194481,1.544068044,0.612783857
æJ. Izquierdo,24,78,80,Brighton & Hove Albion,Colombia,67,165,14.6,56,F,576,13824,331776,1.748188027,1.164352856
æJ. Kenny,20,61,75,Everton,England,69,148,0.056,12,D,400,8000,160000,1.079181246,-1.251811973
æJ. King,25,77,81,Bournemouth,Norway,71,163,12.9,78,B,625,15625,390625,1.892094603,1.11058971
æJ. Knight,19,57,70,Leicester City,England,74,168,0.019,4,D,361,6859,130321,0.602059991,-1.721246399
æJ. Lascelles,23,74,81,Newcastle United,England,74,183,7.8,50,D,529,12167,279841,1.698970004,0.892094603
æJ. Latibeaudiere ,17,47,73,Manchester City,England,72,148,0.067,6,D,289,4913,83521,0.77815125,-1.173925197
æJ. Lingard,24,78,80,Manchester United,England,69,137,14.6,107,M,576,13824,331776,2.029383778,1.164352856
æJ. Livermore,27,75,76,West Bromwich Albion,England,71,168,8.4,64,M,729,19683,531441,1.806179974,0.924279286
æJ. Lokilo,18,54,72,Crystal Palace,DR Congo,68,157,0.157,4,M,324,5832,104976,0.602059991,-0.804100348
æJ. Lolley,24,65,68,Huddersfield Town,England,70,159,0.756,12,M,576,13824,331776,1.079181246,-0.121478204
æJ. L_sslæL,28,75,76,Huddersfield Town,Denmark,77,194,6.2,23,GK,784,21952,614656,1.361727836,0.792391689
æJ. Maddox,18,59,78,Chelsea,England,70,159,0.364,8,M,324,5832,104976,0.903089987,-0.438898616
æJ. Matip,25,83,85,Liverpool,Cameroon,77,198,29.7,123,D,625,15625,390625,2.089905111,1.472756449
æJ. McArthur,29,75,75,Crystal Palace,Scotland,70,146,7.3,57,M,841,24389,707281,1.755874856,0.86332286
æJ. McCarthy,26,80,83,Everton,Ireland,71,159,17.4,123,M,676,17576,456976,2.089905111,1.240549248
æJ. McClean,28,74,74,West Bromwich Albion,Ireland,71,154,6.2,67,M,784,21952,614656,1.826074803,0.792391689
æJ. Milner,31,80,80,Liverpool,England,69,154,10.6,123,B,961,29791,923521,2.089905111,1.025305865
æJ. Molumby,17,58,75,Brighton & Hove Albion,Ireland,70,141,0.028,4,M,289,4913,83521,0.602059991,-1.552841969
æJ. Morrison,31,76,76,West Bromwich Albion,Scotland,70,141,7.8,76,M,961,29791,923521,1.880813592,0.892094603
æJ. Murphy,27,70,70,Brighton & Hove Albion,Scotland,70,159,2.1,35,M,729,19683,531441,1.544068044,0.322219295
æJ. Murphy,22,70,79,Newcastle United,England,68,148,3.1,40,D,484,10648,234256,1.602059991,0.491361694
æJ. Mutch,25,69,70,Crystal Palace,England,72,179,1.4,31,M,625,15625,390625,1.491361694,0.146128036
æJ. Ngoy,19,61,74,Stoke City,Belgium,73,141,0.532,8,ST,361,6859,130321,0.903089987,-0.274088368
æJ. Pickford,23,77,85,Everton,England,73,170,11.2,66,GK,529,12167,279841,1.819543936,1.049218023
æJ. Pied,28,73,73,Southampton,France,68,152,3.5,71,M,784,21952,614656,1.851258349,0.544068044
æJ. Puncheon,31,74,74,Crystal Palace,England,68,146,5.4,54,M,961,29791,923521,1.73239376,0.73239376
æJ. Reine-Adela¥de,19,63,81,Arsenal,France,72,165,0.896,10,M,361,6859,130321,1,-0.04769199
æJ. Riedewald,20,74,82,Crystal Palace,Netherlands,72,174,7.8,38,D,400,8000,160000,1.579783597,0.892094603
æJ. Riley,20,66,78,Manchester United,England,72,157,1.1,20,B,400,8000,160000,1.301029996,0.041392685
æJ. Rodon,19,58,75,Swansea City,Wales,75,168,0.28,4,D,361,6859,130321,0.602059991,-0.552841969
æJ. Rodriguez,27,76,76,West Bromwich Albion,England,73,176,9,76,M,729,19683,531441,1.880813592,0.954242509
æJ. Schlupp,24,71,76,Crystal Palace,Ghana,70,159,3,30,D,576,13824,331776,1.477121255,0.477121255
æJ. Sheehan,22,62,73,Swansea City,Wales,69,165,560,11,M,484,10648,234256,1.041392685,2.748188027
æJ. Shelvey,25,77,82,Newcastle United,England,73,176,12.9,73,M,625,15625,390625,1.86332286,1.11058971
æJ. Simpson,20,60,75,Bournemouth,England,70,183,0.476,6,D,400,8000,160000,0.77815125,-0.322393047
æJ. Sims,20,67,81,Southampton,England,66,143,1.9,34,M,400,8000,160000,1.531478917,0.278753601
æJ. Sinclair,20,61,72,Watford,England,71,165,0.504,9,ST,400,8000,160000,0.954242509,-0.297569464
æJ. Skalàk,25,68,71,Brighton & Hove Albion,Czech Republic,70,168,1.3,28,B,625,15625,390625,1.447158031,0.113943352
æJ. Speroni,38,71,71,Crystal Palace,Argentina,73,176,0.179,18,GK,1444,54872,2085136,1.255272505,-0.747146969
æJ. Stanislas,27,73,73,Bournemouth,England,72,168,4.7,62,M,729,19683,531441,1.792391689,0.672097858
æJ. Stephens,23,71,79,Southampton,England,73,165,3.4,41,D,529,12167,279841,1.612783857,0.531478917
æJ. Sterry,21,62,71,Newcastle United,England,69,168,0.448,9,D,441,9261,194481,0.954242509,-0.348721986
æJ. Stones,23,79,85,Manchester City,England,74,165,16.2,118,D,529,12167,279841,2.071882007,1.209515015
æJ. Tarkowski,24,74,79,Burnley,England,75,179,7.3,42,D,576,13824,331776,1.62324929,0.86332286
æJ. Tilley,19,58,76,Brighton & Hove Albion,England,67,146,0.302,4,F,361,6859,130321,0.602059991,-0.519993057
æJ. Tomkins,28,76,77,Crystal Palace,England,76,163,7.8,62,D,784,21952,614656,1.792391689,0.892094603
æJ. Tymon,18,60,77,Stoke City,England,70,163,0.042,4,D,324,5832,104976,0.602059991,-1.37675071
æJ. Vardy,30,81,81,Leicester City,England,70,163,19,99,ST,900,27000,810000,1.995635195,1.278753601
æJ. Vertonghen,30,85,85,Tottenham Hotspur,Belgium,74,194,31.9,146,D,900,27000,810000,2.164352856,1.503790683
æJ. Walters,33,75,75,Burnley,Ireland,72,174,4.7,59,B,1089,35937,1185921,1.770852012,0.672097858
æJ. Ward,27,74,75,Crystal Palace,England,74,183,5.6,49,D,729,19683,531441,1.69019608,0.748188027
æJ. Ward-Prowse,22,78,86,Southampton,England,68,146,16.8,76,M,484,10648,234256,1.880813592,1.225309282
æJ. Wilshere,25,81,84,Arsenal,England,68,150,24.6,129,M,625,15625,390625,2.11058971,1.390935107
æJ. Wilson,21,69,76,Manchester United,England,72,172,1.7,53,ST,441,9261,194481,1.72427587,0.230448921
æJes_æL,24,77,81,Stoke City,Spain,70,159,12.9,72,M,576,13824,331776,1.857332496,1.11058971
æJesÏs Gàmez,32,76,76,Newcastle United,Spain,72,170,4.8,70,D,1024,32768,1048576,1.84509804,0.681241237
æJoel Pereira,21,71,84,Manchester United,Portugal,74,154,4.1,38,GK,441,9261,194481,1.579783597,0.612783857
æJoel Robles,27,74,76,Everton,Spain,77,198,5.1,67,GK,729,19683,531441,1.826074803,0.707570176
æJos_ Fonte,33,79,79,West Ham United,Portugal,74,179,5.6,111,D,1089,35937,1185921,2.045322979,0.748188027
æJoselu,27,75,76,Newcastle United,Spain,76,176,9,70,F,729,19683,531441,1.84509804,0.954242509
æJuan Mata,29,84,84,Manchester United,Spain,67,139,34.2,218,M,841,24389,707281,2.338456494,1.534026106
æK. Bartley,26,73,75,Swansea City,England,76,207,4.5,58,D,676,17576,456976,1.763427994,0.653212514
æK. Bielik,19,62,77,Arsenal,Poland,74,172,0.672,8,D,361,6859,130321,0.903089987,-0.172630727
æK. Cameron,20,59,71,Newcastle United,Scotland,75,168,0.028,6,D,400,8000,160000,0.77815125,-1.552841969
æK. Darlow,26,70,74,Newcastle United,England,73,174,1.8,34,GK,676,17576,456976,1.531478917,0.255272505
æK. De Bruyne,26,89,92,Manchester City,Belgium,71,150,93,319,M,676,17576,456976,2.503790683,1.968482949
æK. Gibbs,27,78,78,West Bromwich Albion,England,70,154,9.5,70,B,729,19683,531441,1.84509804,0.977723605
æK. Gorr_,22,64,72,Swansea City,Curacao,70,157,0.756,16,F,484,10648,234256,1.204119983,-0.121478204
æK. Hazard,21,63,73,Chelsea,Belgium,67,154,0.672,16,M,441,9261,194481,1.204119983,-0.172630727
æK. Iheanacho,20,75,86,Leicester City,Nigeria,73,181,12.9,56,F,400,8000,160000,1.748188027,1.11058971
æK. Jameson,18,58,68,West Bromwich Albion,England,72,174,0.179,4,D,324,5832,104976,0.602059991,-0.747146969
æK. Long,26,70,73,Burnley,Ireland,74,181,2.1,35,D,676,17576,456976,1.544068044,0.322219295
æK. Metz,19,54,63,Burnley,Ireland,71,143,0.112,4,ST,361,6859,130321,0.602059991,-0.950781977
æK. Mirallas,29,81,81,Everton,Belgium,72,159,19.6,140,B,841,24389,707281,2.146128036,1.292256071
æK. Naughton,28,75,75,Swansea City,England,71,161,6.2,61,D,784,21952,614656,1.785329835,0.792391689
æK. Nordfeldt,28,73,75,Swansea City,Sweden,75,187,3.7,50,GK,784,21952,614656,1.698970004,0.568201724
æK. O'Connell,17,58,70,Bournemouth,England,69,141,0.224,5,M,289,4913,83521,0.698970004,-0.649751982
æK. PalmeræL,20,71,81,Huddersfield Town,England,69,150,4.3,54,M,400,8000,160000,1.73239376,0.633468456
æK. Schmeichel,30,83,84,Leicester City,Denmark,74,196,21.3,73,GK,900,27000,810000,1.86332286,1.328379603
æK. Scott,19,60,75,Chelsea,United States,68,132,0.504,8,M,361,6859,130321,0.903089987,-0.297569464
æK. Sterling,18,56,76,Tottenham Hotspur,England,71,146,0.213,7,M,324,5832,104976,0.84509804,-0.671620397
æK. Trippier,26,78,79,Tottenham Hotspur,England,70,159,11.2,86,M,676,17576,456976,1.934498451,1.049218023
æK. Walker,27,83,84,Manchester City,England,72,183,26.9,146,D,729,19683,531441,2.164352856,1.42975228
æK. Walker-Peters,20,65,80,Tottenham Hotspur,England,69,141,1.2,16,D,400,8000,160000,1.204119983,0.079181246
æK. Wimmer,24,78,83,Stoke City,Austria,74,187,13.4,60,D,576,13824,331776,1.77815125,1.127104798
æK. ZoumaæL,22,79,86,Stoke City,France,75,212,16.8,108,D,484,10648,234256,2.033423755,1.225309282
æKenedy,21,72,81,Chelsea,Brazil,72,170,5.4,54,M,441,9261,194481,1.73239376,0.73239376
æKi Sung Yueng,28,78,78,Swansea City,Korea republic (South Korea),73,174,11.8,80,B,784,21952,614656,1.903089987,1.071882007
æKiko FemenÕa,26,75,78,Watford,Spain,69,134,7.8,49,D,676,17576,456976,1.69019608,0.892094603
æL. Amos,20,60,72,Tottenham Hotspur,England,70,159,0.364,8,M,400,8000,160000,0.903089987,-0.438898616
æL. Baines,32,82,82,Everton,England,67,163,14,129,D,1024,32768,1048576,2.11058971,1.146128036
æL. Britton,34,77,77,Swansea City,England,66,143,3,70,M,1156,39304,1336336,1.84509804,0.477121255
æL. Cook,20,71,84,Bournemouth,England,69,157,5.1,35,M,400,8000,160000,1.544068044,0.707570176
æL. Depoitre,28,74,74,Huddersfield Town,Belgium,75,201,6.7,56,F,784,21952,614656,1.748188027,0.826074803
æL. Dreher,18,59,78,Crystal Palace,England,72,170,0.364,4,M,324,5832,104976,0.602059991,-0.438898616
æL. Dunk,25,75,80,Brighton & Hove Albion,England,76,194,8.4,43,D,625,15625,390625,1.633468456,0.924279286
æL. Fabia_ski,32,80,80,Swansea City,Poland,75,183,9.5,68,GK,1024,32768,1048576,1.832508913,0.977723605
æL. Fer,27,77,78,Swansea City,Netherlands,74,198,11.2,76,M,729,19683,531441,1.880813592,1.049218023
æL. Garbutt,24,70,77,Everton,England,70,161,2.4,51,D,576,13824,331776,1.707570176,0.380211242
æL. Gibson,20,61,74,Newcastle United,England,73,157,476,9,D,400,8000,160000,0.954242509,2.677606953
æL. Grant,34,73,73,Stoke City,England,76,183,1.8,47,GK,1156,39304,1336336,1.672097858,0.255272505
æL. Jones,21,62,70,Liverpool,England,75,165,0.448,12,D,441,9261,194481,1.079181246,-0.348721986
æL. Karius,24,80,84,Liverpool,Germany,74,165,15.7,79,GK,576,13824,331776,1.897627091,1.195899652
æL. Koscielny,31,84,84,Arsenal,France,73,165,23.5,168,D,961,29791,923521,2.225309282,1.371067862
æL. Markovi_,23,76,80,Liverpool,Serbia,69,143,11.2,94,B,529,12167,279841,1.973127854,1.049218023
æL. Milivojevi_,26,77,81,Crystal Palace,Serbia,73,176,10.6,59,M,676,17576,456976,1.770852012,1.025305865
æL. Mousset,21,69,77,Bournemouth,France,72,176,1.8,32,F,441,9261,194481,1.505149978,0.255272505
æL. Narsingh,26,75,75,Swansea City,Netherlands,70,170,7.8,70,F,676,17576,456976,1.84509804,0.892094603
æL. Ndukwu,18,58,75,Leicester City,England,70,159,0.291,5,ST,324,5832,104976,0.698970004,-0.536107011
æL. Rosenior,32,71,71,Brighton & Hove Albion,England,70,170,1.5,32,D,1024,32768,1048576,1.505149978,0.176091259
æL. San_,21,82,91,Manchester City,Germany,72,165,38.6,140,M,441,9261,194481,2.146128036,1.586587305
æL. Shaw,21,79,84,Manchester United,England,73,165,15.7,102,D,441,9261,194481,2.008600172,1.195899652
æL. Smith,21,61,69,Newcastle United,England,71,165,420,10,M,441,9261,194481,1,2.62324929
æL. Ulloa,30,74,74,Leicester City,Argentina,74,196,6.2,70,F,900,27000,810000,1.84509804,0.792391689
æLee Chung Yong,28,72,72,Crystal Palace,Korea Republic (South Korea),71,150,3.5,40,M,784,21952,614656,1.602059991,0.544068044
æLlorente,32,78,78,Tottenham Hotspur,Spain,75,203,9.5,102,F,1024,32768,1048576,2.008600172,0.977723605
æM. Albrighton,27,77,77,Leicester City,England,69,163,10.6,76,M,729,19683,531441,1.880813592,1.025305865
æM. Antonio,27,80,81,West Ham United,England,71,176,19.6,134,M,729,19683,531441,2.127104798,1.292256071
æM. Arnautovi_,28,82,82,West Ham United,Austria,76,183,25.2,140,M,784,21952,614656,2.146128036,1.401400541
æM. Barnes,20,58,71,Southampton,England,73,159,0.028,9,ST,400,8000,160000,0.954242509,-1.552841969
æM. Batshuayi,23,80,85,Chelsea,Belgium,73,190,22.4,134,ST,529,12167,279841,2.127104798,1.350248018
æM. Be_i_,24,76,82,Everton,Bosnia and Herzegovina,71,176,10.1,85,B,576,13824,331776,1.929418926,1.004321374
æM. Britos,31,75,75,Watford,Uruguay,75,187,5,49,D,961,29791,923521,1.69019608,0.698970004
æM. Browne,19,60,75,West Ham United,England,70,163,0.504,7,M,361,6859,130321,0.84509804,-0.297569464
æM. Bulka,17,56,76,Chelsea,Poland,78,198,0.168,4,GK,289,4913,83521,0.602059991,-0.774690718
æM. Butcher,20,62,76,Bournemouth,England,74,183,728,9,M,400,8000,160000,0.954242509,2.862131379
æM. Carrick,35,80,80,Manchester United,England,74,163,3.9,96,M,1225,42875,1500625,1.982271233,0.591064607
æM. Cranie,30,68,68,Huddersfield Town,England,72,172,0.728,27,D,900,27000,810000,1.431363764,-0.137868621
æM. Darmian,27,80,81,Manchester United,Italy,72,154,15.1,134,D,729,19683,531441,2.127104798,1.178976947
æM. Debuchy,31,77,77,Arsenal,France,70,168,6.7,99,D,961,29791,923521,1.995635195,0.826074803
æM. Dela_,24,69,72,Chelsea,Croatia,75,176,1.1,35,GK,576,13824,331776,1.544068044,0.041392685
æM. Demb_l_,29,83,83,Tottenham Hotspur,Belgium,73,194,28,129,M,841,24389,707281,2.11058971,1.447158031
æM. Diam_,30,73,73,Newcastle United,Senegal,72,176,4.2,64,M,900,27000,810000,1.806179974,0.62324929
æM. Diouf,29,77,77,Stoke City,Senegal,73,174,10.1,86,F,841,24389,707281,1.934498451,1.004321374
æM. Edwards,18,65,87,Tottenham Hotspur,England,69,134,1.4,13,M,324,5832,104976,1.113943352,0.146128036
æM. Elneny,24,77,81,Arsenal,Egypt,71,154,11.2,85,M,576,13824,331776,1.929418926,1.049218023
æM. Fellaini,29,79,79,Manchester United,Belgium,76,187,13.4,157,M,841,24389,707281,2.195899652,1.127104798
æM. Folivi,19,60,77,Watford,England,69,174,0.504,5,F,361,6859,130321,0.698970004,-0.297569464
æM. Foulds,19,56,74,Everton,England,72,163,0.019,6,D,361,6859,130321,0.77815125,-1.721246399
æM. Gabbiadini,25,79,83,Southampton,Italy,73,179,18.5,110,ST,625,15625,390625,2.041392685,1.267171728
æM. Gillesphey,21,62,72,Newcastle United,England,71,154,0.476,9,D,441,9261,194481,0.954242509,-0.322393047
æM. Gruji_,21,71,85,Liverpool,Serbia,75,181,5.6,51,M,441,9261,194481,1.707570176,0.748188027
æM. Ha¥dara,24,70,75,Newcastle United,France,71,168,2.2,36,GK,576,13824,331776,1.556302501,0.342422681
æM. Hefele,26,70,72,Huddersfield Town,Germany,76,201,2,32,D,676,17576,456976,1.505149978,0.301029996
æM. Holgate,20,67,82,Everton,England,72,139,1.7,38,D,400,8000,160000,1.579783597,0.230448921
æM. Howarth,18,54,66,Burnley,England,70,141,0.123,4,M,324,5832,104976,0.602059991,-0.910094889
æM. James,25,72,75,Leicester City,England,71,190,4.3,44,M,625,15625,390625,1.643452676,0.633468456
æM. JÀrgensen,27,75,78,Huddersfield Town,Denmark,75,187,7.3,45,D,729,19683,531441,1.653212514,0.86332286
æM. Keane,24,81,87,Everton,England,75,181,23.5,102,D,576,13824,331776,2.008600172,1.371067862
æM. Kelly,27,73,74,Crystal Palace,England,75,170,4.1,49,D,729,19683,531441,1.69019608,0.612783857
æM. Lanzini,24,81,87,West Ham United,Argentina,66,130,27.4,106,M,576,13824,331776,2.025305865,1.437750563
æM. Lemina,23,77,83,Southampton,Gabon,72,187,13.4,76,M,529,12167,279841,1.880813592,1.127104798
æM. Lowton,28,76,76,Burnley,England,71,172,6.7,62,D,784,21952,614656,1.792391689,0.826074803
æM. Melbourne,18,58,74,West Bromwich Albion,England,70,143,0.258,4,D,324,5832,104976,0.602059991,-0.588380294
æM. Noble,30,76,76,West Ham United,England,71,168,6.2,93,M,900,27000,810000,1.968482949,0.792391689
æM. Olsson,29,75,75,Swansea City,Sweden,70,179,5.6,61,D,841,24389,707281,1.785329835,0.748188027
æM. Ézil,28,88,88,Arsenal,Germany,71,168,67.2,297,M,784,21952,614656,2.472756449,1.827369273
æM. Phillips,19,55,71,Crystal Palace,England,69,170,0.19,4,M,361,6859,130321,0.602059991,-0.721246399
æM. Phillips,26,77,78,West Bromwich Albion,Scotland,72,165,11.8,76,B,676,17576,456976,1.880813592,1.071882007
æM. Pugh,30,73,73,Bournemouth,England,71,159,4.2,62,M,900,27000,810000,1.792391689,0.62324929
æM. Rashford,19,80,89,Manchester United,England,73,154,24.6,83,B,361,6859,130321,1.919078092,1.390935107
æM. Ritchie,27,75,75,Newcastle United,Scotland,68,154,7.8,64,M,729,19683,531441,1.806179974,0.892094603
æM. Rojo,27,82,83,Manchester United,Argentina,74,176,23.5,146,D,729,19683,531441,2.164352856,1.371067862
æM. Ryan,25,77,80,Brighton & Hove Albion,Australia,72,181,9,41,GK,625,15625,390625,1.612783857,0.954242509
æM. Sakho,27,81,82,Crystal Palace,France,74,183,19,71,D,729,19683,531441,1.851258349,1.278753601
æM. Salah,25,83,86,Liverpool,Egypt,69,157,36.4,151,B,625,15625,390625,2.178976947,1.561101384
æM. Samuelsen,20,64,75,West Ham United,Norway,74,159,0.868,19,M,400,8000,160000,1.278753601,-0.061480275
æM. Schneiderlin,27,83,85,Everton,France,71,165,28.6,129,M,729,19683,531441,2.11058971,1.456366033
æM. Sissoko,27,77,77,Tottenham Hotspur,France,74,201,10.6,94,M,729,19683,531441,1.973127854,1.025305865
æM. Stekelenburg,34,75,75,Everton,Netherlands,78,203,3,67,GK,1156,39304,1336336,1.826074803,0.477121255
æM. Suttner,30,73,73,Brighton & Hove Albion,Austria,70,161,3.2,45,D,900,27000,810000,1.653212514,0.505149978
æM. Targett,21,69,80,Southampton,England,72,154,1.8,31,D,441,9261,194481,1.491361694,0.255272505
æM. Taylor-Crossdale,17,61,80,Chelsea,England,73,170,0.056,12,ST,289,4913,83521,1.079181246,-1.251811973
æM. van der Hoorn,24,73,77,Swansea City,Netherlands,75,183,4.9,50,D,576,13824,331776,1.698970004,0.69019608
æM. Vorm,33,79,79,Tottenham Hotspur,Netherlands,72,185,7.3,83,GK,1089,35937,1185921,1.919078092,0.86332286
æM. Waddington,20,54,61,Stoke City,England,72,146,0.112,6,M,400,8000,160000,0.77815125,-0.950781977
æM. Wagu_æL,26,74,77,Watford,Mali,75,192,6.7,27,D,676,17576,456976,1.431363764,0.826074803
æM. Wood,19,56,73,Manchester City,England,69,154,0.019,7,D,361,6859,130321,0.84509804,-1.721246399
æM. Yoshida,28,75,75,Southampton,Japan,74,172,6.2,71,D,784,21952,614656,1.851258349,0.792391689
æM. Zàrate,30,77,77,Watford,Argentina,69,168,9.5,70,F,900,27000,810000,1.84509804,0.977723605
æM. Zeegelaar,26,75,75,Watford,Netherlands,73,181,6.2,49,M,676,17576,456976,1.69019608,0.792391689
æManquillo,23,76,82,Newcastle United,Spain,71,159,10.1,60,D,529,12167,279841,1.77815125,1.004321374
æMarcos Alonso,26,81,83,Chelsea,Spain,74,185,19.6,129,D,676,17576,456976,2.11058971,1.292256071
æMerinoæL,21,74,84,Newcastle United,Spain,74,174,9,36,M,441,9261,194481,1.556302501,0.954242509
æMorata,24,84,88,Chelsea,Spain,74,187,45.9,190,ST,576,13824,331776,2.278753601,1.661812686
æN. Ak_,22,75,85,Bournemouth,Netherlands,71,165,10.6,49,D,484,10648,234256,1.69019608,1.025305865
æN. Chadli,27,78,78,West Bromwich Albion,Germany,74,176,12.3,76,B,729,19683,531441,1.880813592,1.089905111
æN. Chalobah,22,75,84,Watford,England,73,168,10.1,42,M,484,10648,234256,1.62324929,1.004321374
æN. Clyne,26,82,84,Liverpool,England,69,148,24.6,129,D,676,17576,456976,2.11058971,1.390935107
æN. Dyer,29,75,75,Swansea City,England,66,137,7.3,67,M,841,24389,707281,1.826074803,0.86332286
æN. Holland,19,60,74,West Ham United,England,70,143,0.504,7,M,361,6859,130321,0.84509804,-0.297569464
æN. Husin,20,50,65,Crystal Palace,Afghanistan,70,143,0.067,4,M,400,8000,160000,0.602059991,-1.173925197
æN. Kant_,26,87,90,Chelsea,France,66,150,58.8,213,M,676,17576,456976,2.328379603,1.769377326
æN. Kirby,17,57,74,Crystal Palace,England,68,146,0.235,4,M,289,4913,83521,0.602059991,-0.628932138
æN. M_enp__,32,68,68,Brighton & Hove Albion,Finland,75,190,0.588,22,GK,1024,32768,1048576,1.342422681,-0.230622674
æN. Mati_,28,83,83,Manchester United,Serbia,76,187,23.5,157,M,784,21952,614656,2.195899652,1.371067862
æN. Otamendi,29,83,83,Manchester City,Argentina,72,179,22.4,157,D,841,24389,707281,2.195899652,1.350248018
æN. Pope,25,68,74,Burnley,England,76,168,0.098,22,GK,625,15625,390625,1.342422681,-1.008773924
æN. Redmond,23,77,85,Southampton,England,68,152,14.6,76,M,529,12167,279841,1.880813592,1.164352856
æN. Trott,18,57,75,West Ham United,England,72,148,0.019,4,GK,324,5832,104976,0.602059991,-1.721246399
æN. Vla_i_,19,67,82,Everton,Croatia,70,159,1.8,35,B,361,6859,130321,1.544068044,0.255272505
æN. Wells,27,72,73,Burnley,Bermuda,67,152,4.1,42,F,729,19683,531441,1.62324929,0.612783857
æNacho Monreal,31,80,80,Arsenal,Spain,70,159,10.6,123,D,961,29791,923521,2.089905111,1.025305865
æO. Burke,20,70,84,West Bromwich Albion,Scotland,74,163,4.4,36,M,400,8000,160000,1.556302501,0.643452676
æO. Ejaria,19,66,81,Liverpool,England,72,165,1.5,15,M,361,6859,130321,1.176091259,0.176091259
æO. Giroud,30,82,82,Arsenal,France,76,194,24.1,157,ST,900,27000,810000,2.195899652,1.382017043
æO. KarnezisæL,31,82,82,Watford,Greece,75,179,15.1,33,GK,961,29791,923521,1.51851394,1.178976947
æO. McBurnie,21,63,77,Swansea City,Scotland,75,170,0.924,11,F,441,9261,194481,1.041392685,-0.034328029
æO. Ndidi,20,77,86,Leicester City,Nigeria,72,163,13.4,53,B,400,8000,160000,1.72427587,1.127104798
æO. Niasse,27,75,75,Everton,Senegal,72,181,7.8,99,F,729,19683,531441,1.995635195,0.892094603
æO. Shenton,19,60,72,Stoke City,England,69,170,0.392,5,M,361,6859,130321,0.698970004,-0.406713933
æO. Zinchenko,20,72,82,Manchester City,Ukraine,69,141,5.6,58,M,400,8000,160000,1.763427994,0.748188027
æOriol Romeu,25,79,81,Southampton,Spain,72,183,14.6,92,M,625,15625,390625,1.963787827,1.164352856
æP. Bardsley,32,72,72,Burnley,Scotland,71,163,1.9,35,D,1024,32768,1048576,1.544068044,0.278753601
æP. Billing,21,67,81,Huddersfield Town,Denmark,78,176,1.7,20,M,441,9261,194481,1.301029996,0.230448921
æP. _ech,35,86,86,Arsenal,Czech Republic,77,198,11.8,103,GK,1225,42875,1500625,2.012837225,1.071882007
æP. Crouch,36,74,74,Stoke City,England,79,165,2.3,53,F,1296,46656,1679616,1.72427587,0.361727836
æP. Dummett,25,71,75,Newcastle United,Wales,72,170,2.8,40,D,625,15625,390625,1.602059991,0.447158031
æP. Foden,17,65,84,Manchester City,England,67,130,1.2,17,M,289,4913,83521,1.230448921,0.079181246
æP. Gazzaniga,25,70,75,Tottenham Hotspur,Argentina,77,198,1.9,39,GK,625,15625,390625,1.591064607,0.278753601
æP. Gro_,26,76,78,Brighton & Hove Albion,Germany,71,168,10.6,59,M,676,17576,456976,1.770852012,1.025305865
æP. HÀjbjerg,21,75,81,Southampton,Denmark,73,185,10.1,58,M,441,9261,194481,1.763427994,1.004321374
æP. Jagielka,34,80,80,Everton,England,71,192,5,123,D,1156,39304,1336336,2.089905111,0.698970004
æP. Jones,25,79,80,Manchester United,England,73,157,14,129,D,625,15625,390625,2.11058971,1.146128036
æP. Mertesacker,32,81,81,Arsenal,Germany,78,198,11.2,123,D,1024,32768,1048576,2.089905111,1.049218023
æP. Pogba,24,87,92,Manchester United,France,75,185,74.5,218,M,576,13824,331776,2.338456494,1.872156273
æP. Souar_,27,73,74,Crystal Palace,Senegal,70,146,4.1,49,D,729,19683,531441,1.69019608,0.612783857
æP. van Aanholt,26,75,76,Crystal Palace,Netherlands,69,148,7.3,49,D,676,17576,456976,1.69019608,0.86332286
æP. Zabaleta,32,79,79,West Ham United,Argentina,70,163,7.8,111,D,1024,32768,1048576,2.045322979,0.892094603
æPedro,29,84,84,Chelsea,Spain,67,143,34.2,224,B,841,24389,707281,2.350248018,1.534026106
æPedro Obiang,25,77,82,West Ham United,Spain,73,165,11.2,88,M,625,15625,390625,1.944482672,1.049218023
æR. Aarons,21,72,79,Newcastle United,England,69,148,4.9,36,M,441,9261,194481,1.556302501,0.69019608
æR. Barkley,23,81,86,Everton,England,74,168,26.9,118,M,529,12167,279841,2.071882007,1.42975228
æR. Bertrand,27,80,80,Southampton,England,70,187,13.4,96,D,729,19683,531441,1.982271233,1.127104798
æR. Blair,21,58,69,Swansea City,Scotland,73,168,0.246,7,M,441,9261,194481,0.84509804,-0.609064893
æR. Booty,19,53,63,Huddersfield Town,England,71,165,0.009,3,M,361,6859,130321,0.477121255,-2.045757491
æR. Brady,25,76,79,Burnley,Ireland,69,152,10.6,62,M,625,15625,390625,1.792391689,1.025305865
æR. Edmonds-Green,18,53,72,Huddersfield Town,England,71,161,0.123,3,D,324,5832,104976,0.477121255,-0.910094889
æR. Elliot,31,71,71,Newcastle United,Ireland,75,216,1.6,34,GK,961,29791,923521,1.531478917,0.204119983
æR. Fraser,23,73,80,Bournemouth,Scotland,64,132,6.2,54,M,529,12167,279841,1.73239376,0.792391689
æR. Funes Mori,26,77,81,Everton,Argentina,73,172,10.6,99,D,676,17576,456976,1.995635195,1.025305865
æR. Green,37,73,73,Huddersfield Town,England,75,205,0.302,24,GK,1369,50653,1874161,1.380211242,-0.519993057
æR. Hill,19,62,75,Stoke City,England,70,141,616,7,M,361,6859,130321,0.84509804,2.789580712
æR. Holding,21,72,85,Arsenal,England,74,165,6.2,45,D,441,9261,194481,1.653212514,0.792391689
æR. Huth,32,78,78,Leicester City,Germany,75,218,6.7,70,D,1024,32768,1048576,1.84509804,0.826074803
æR. Klavan,31,78,78,Liverpool,Estonia,74,187,7.8,99,D,961,29791,923521,1.995635195,0.892094603
æR. Loftus-Cheek,21,70,84,Crystal Palace,England,75,183,4.4,30,M,441,9261,194481,1.477121255,0.643452676
æR. Lukaku,24,86,90,Manchester United,Belgium,75,207,66.1,235,ST,576,13824,331776,2.371067862,1.820201459
æR. Mahrez,26,83,84,Leicester City,Algeria,70,148,34.2,99,M,676,17576,456976,1.995635195,1.534026106
æR. McCourt,19,57,75,West Bromwich Albion,Ireland,70,141,0.224,4,D,361,6859,130321,0.602059991,-0.649751982
æR. Nabi,18,54,64,Burnley,England,70,146,0.112,4,M,324,5832,104976,0.602059991,-0.950781977
æR. Nelson,17,59,83,Arsenal,England,69,154,0.392,7,B,289,4913,83521,0.84509804,-0.406713933
æR. Pereyra,26,80,83,Watford,Argentina,72,170,20.2,77,M,676,17576,456976,1.886490725,1.305351369
æR. Schofield,17,53,76,Huddersfield Town,England,75,154,0.123,2,GK,289,4913,83521,0.301029996,-0.910094889
æR. Sessegnon,17,67,86,Fulham,England,70,154,1.5,13,D,289,4913,83521,1.113943352,0.176091259
æR. Shawcross,29,79,79,Stoke City,England,75,168,11.2,87,D,841,24389,707281,1.939519253,1.049218023
æR. Sobhi,20,74,85,Stoke City,Egypt,72,165,10.6,50,B,400,8000,160000,1.698970004,1.025305865
æR. Sterling,22,82,87,Manchester City,England,67,152,33,157,M,484,10648,234256,2.195899652,1.51851394
æR. van La Parra,26,69,70,Huddersfield Town,Netherlands,71,159,1.4,29,M,676,17576,456976,1.462397998,0.146128036
æR. Wiggins,29,67,67,Bournemouth,Wales,68,159,0.644,36,D,841,24389,707281,1.556302501,-0.191114133
æRenato SanchesæL,19,76,86,Swansea City,Portugal,69,154,13.4,55,M,361,6859,130321,1.740362689,1.127104798
æRicharlison,20,73,85,Watford,Brazil,71,154,7.8,42,F,400,8000,160000,1.62324929,0.892094603
æRoberto Firmino,25,83,87,Liverpool,Brazil,71,168,38.1,151,B,625,15625,390625,2.178976947,1.580924976
æRoque Mesa,28,82,82,Swansea City,Spain,67,163,20.2,95,M,784,21952,614656,1.977723605,1.305351369
æS. AgÙero,29,89,89,Manchester City,Argentina,68,154,74.5,364,ST,841,24389,707281,2.561101384,1.872156273
æS. Ahannach,21,68,75,Brighton & Hove Albion,Netherlands,68,146,1.4,26,B,441,9261,194481,1.414973348,0.146128036
æS. Arfield,28,73,73,Burnley,Canada,70,154,4.5,57,M,784,21952,614656,1.755874856,0.653212514
æS. Aurier,24,81,85,Tottenham Hotspur,Ireland,69,168,21.3,88,D,576,13824,331776,1.944482672,1.328379603
æS. Baldock,28,70,70,Brighton & Hove Albion,England,67,148,2.1,40,F,784,21952,614656,1.602059991,0.322219295
æS. Berahino,23,76,82,Stoke City,England,71,181,11.8,73,F,529,12167,279841,1.86332286,1.071882007
æS. Boufal,23,79,84,Southampton,Morocco,67,132,19,101,M,529,12167,279841,2.004321374,1.278753601
æS. Byram,23,73,78,West Ham United,England,71,159,5,67,D,529,12167,279841,1.826074803,0.698970004
æS. Bytyqi,22,64,71,Manchester City,Kosovo,73,181,0.007,26,M,484,10648,234256,1.414973348,-2.15490196
æS. Clucas,26,72,74,Swansea City,England,74,163,4.1,46,M,676,17576,456976,1.662757832,0.612783857
æS. Coleman,28,81,81,Everton,Ireland,70,148,15.7,129,D,784,21952,614656,2.11058971,1.195899652
æS. Cook,26,77,81,Bournemouth,England,73,181,10.6,68,D,676,17576,456976,1.832508913,1.025305865
æS. Dann,30,78,78,Crystal Palace,England,74,172,8.4,59,D,900,27000,810000,1.770852012,0.924279286
æS. Davis,32,77,77,Southampton,England,68,154,7.3,88,M,1024,32768,1048576,1.944482672,0.86332286
æS. Defour,29,78,78,Burnley,Germany,69,159,11.2,67,M,841,24389,707281,1.826074803,1.049218023
æS. Duffy,25,74,79,Brighton & Hove Albion,Ireland,76,168,7.3,43,D,625,15625,390625,1.633468456,0.86332286
æS. Facey,22,64,71,Manchester City,England,70,141,0.616,23,D,484,10648,234256,1.361727836,-0.210419288
æS. Field,19,64,81,West Bromwich Albion,England,71,161,1.1,10,M,361,6859,130321,1,0.041392685
æS. Francis,32,76,76,Bournemouth,England,72,198,4.9,68,D,1024,32768,1048576,1.832508913,0.69019608
æS. Hak_abanovi_,18,66,80,West Ham United,Montenegro,69,154,1.5,14,M,324,5832,104976,1.146128036,0.176091259
æS. Harrison,19,60,76,Tottenham Hotspur,England,72,150,0.504,7,F,361,6859,130321,0.84509804,-0.297569464
æS. Ireland,30,72,72,Stoke City,Ireland,68,148,3.3,46,M,900,27000,810000,1.662757832,0.51851394
æS. Kaikai,21,68,77,Crystal Palace,England,72,154,1.6,25,M,441,9261,194481,1.397940009,0.204119983
æS. Kola_inac,24,80,83,Arsenal,Bosnia and Herzegovina,72,187,17.4,102,B,576,13824,331776,2.008600172,1.240549248
æS. Long,30,76,76,Southampton,Ireland,60,154,8.4,96,F,900,27000,810000,1.982271233,0.924279286
æS. Malone,26,71,73,Huddersfield Town,England,74,165,2.6,32,D,676,17576,456976,1.505149978,0.414973348
æS. Man_,25,84,87,Liverpool,Senegal,69,152,43.7,196,B,625,15625,390625,2.292256071,1.640481437
æS. March,22,71,80,Brighton & Hove Albion,England,71,194,4.1,31,M,484,10648,234256,1.491361694,0.612783857
æS. McQueen,22,67,75,Southampton,England,71,154,1.1,34,M,484,10648,234256,1.531478917,0.041392685
æS. McTominay,20,63,77,Manchester United,Scotland,76,194,0.896,15,M,400,8000,160000,1.176091259,-0.04769199
æS. Mignolet,29,81,81,Liverpool,Belgium,76,192,13.4,102,GK,841,24389,707281,2.008600172,1.127104798
æS. Mouni_,22,76,83,Huddersfield Town,Benin,75,176,12.3,56,F,484,10648,234256,1.748188027,1.089905111
æS. Mustafi,25,84,86,Arsenal,Germany,72,181,35.3,162,D,625,15625,390625,2.209515015,1.547774705
æS. Okaka,27,77,77,Watford,Italy,73,198,10.6,70,F,729,19683,531441,1.84509804,1.025305865
æS. Okazaki,31,77,77,Leicester City,Japan,68,172,9,83,F,961,29791,923521,1.919078092,0.954242509
æS. Pr_dl,30,79,79,Watford,Austria,77,214,10.6,71,D,900,27000,810000,1.851258349,1.025305865
æS. Romero,30,80,80,Manchester United,Argentina,76,192,10.6,109,GK,900,27000,810000,2.037426498,1.025305865
æS. RondÑn,27,80,80,West Bromwich Albion,Venezuela,73,190,17.9,99,ST,729,19683,531441,1.995635195,1.252853031
æS. Shashoua,18,57,75,Tottenham Hotspur,England,69,141,0.235,6,M,324,5832,104976,0.77815125,-0.628932138
æS. Sidwell,34,71,71,Brighton & Hove Albion,England,70,176,1.3,35,M,1156,39304,1336336,1.544068044,0.113943352
æS. Tarashaj,22,69,79,Everton,Switzerland,69,168,1.9,47,F,484,10648,234256,1.672097858,0.278753601
æS. Taylor,36,66,66,Southampton,England,78,187,0.101,10,GK,1296,46656,1679616,1,-0.995678626
æS. Vokes,27,76,77,Burnley,Wales,74,198,10.1,70,F,729,19683,531441,1.84509804,1.004321374
æS. Ward,31,75,75,Burnley,Ireland,72,181,4.9,49,D,961,29791,923521,1.69019608,0.69019608
æSandro,21,77,85,Everton,Spain,69,157,15.1,94,D,441,9261,194481,1.973127854,1.178976947
æSanti Cazorla,32,83,83,Arsenal,Spain,66,146,21.8,146,M,1024,32768,1048576,2.164352856,1.338456494
æT. Abrahamæ,19,73,86,Swansea City,England,75,181,8.4,63,F,361,6859,130321,1.799340549,0.924279286
æT. Adarabioyo,19,63,80,Manchester City,England,77,176,0.812,9,D,361,6859,130321,0.954242509,-0.090443971
æT. Akinola,18,54,65,West Ham United,England,74,161,0.101,5,D,324,5832,104976,0.698970004,-0.995678626
æT. Alderweireld,28,86,87,Tottenham Hotspur,Belgium,74,201,45.4,185,D,784,21952,614656,2.267171728,1.657055853
æT. Alexander-Arnold,18,69,85,Liverpool,England,69,152,2.2,26,D,324,5832,104976,1.414973348,0.342422681
æT. Bakayoko,22,82,88,Chelsea,France,74,187,29.1,118,M,484,10648,234256,2.071882007,1.463892989
æT. Bola,18,59,72,Arsenal,England,71,176,0.028,6,D,324,5832,104976,0.77815125,-1.552841969
æT. Carroll,25,73,78,Swansea City,England,70,146,5.6,61,M,625,15625,390625,1.785329835,0.748188027
æT. Chakwana,18,57,70,Burnley,England,67,137,0.213,4,M,324,5832,104976,0.602059991,-0.671620397
æT. Cleverley,27,76,76,Watford,England,69,148,9,65,M,729,19683,531441,1.812913357,0.954242509
æT. Cordner,18,58,68,Bournemouth,England,71,165,0.179,4,D,324,5832,104976,0.602059991,-0.747146969
æT. Courtois,25,89,92,Chelsea,Belgium,78,207,66.1,213,GK,625,15625,390625,2.328379603,1.820201459
æT. Davies,19,73,85,Everton,England,71,154,7.8,51,M,361,6859,130321,1.707570176,0.892094603
æT. Deeney,29,78,78,Watford,England,72,198,11.8,73,F,841,24389,707281,1.86332286,1.071882007
æT. Edwards,18,61,80,Stoke City,England,69,168,0.504,6,D,324,5832,104976,0.77815125,-0.297569464
æT. Fosu-MensahæL,19,76,88,Crystal Palace,Netherlands,75,172,13.4,59,D,361,6859,130321,1.770852012,1.127104798
æT. Heaton,31,81,81,Burnley,England,74,190,12.3,57,GK,961,29791,923521,1.755874856,1.089905111
æT. Hemed,30,72,72,Brighton & Hove Albion,Israel,73,176,3.4,38,F,900,27000,810000,1.579783597,0.531478917
æT. Hoban,23,69,75,Watford,Ireland,74,183,1.4,25,D,529,12167,279841,1.397940009,0.146128036
æT. Ince,25,74,77,Huddersfield Town,England,70,146,7.8,51,B,625,15625,390625,1.707570176,0.892094603
æT. Johnson,18,59,75,Southampton,England,69,143,0.364,6,ST,324,5832,104976,0.77815125,-0.438898616
æT. KrulæL,29,77,78,Brighton & Hove Albion,Netherlands,74,163,7.8,60,GK,841,24389,707281,1.77815125,0.892094603
æT. Mings,24,71,78,Bournemouth,England,77,170,3.1,35,D,576,13824,331776,1.544068044,0.491361694
æT. Moore,19,63,71,Arsenal,England,68,146,0.504,8,D,361,6859,130321,0.903089987,-0.297569464
æT. Oakley-Boothe,17,61,81,Tottenham Hotspur,England,70,150,0.056,9,M,289,4913,83521,0.954242509,-1.251811973
æT. Reid,19,59,76,Swansea City,England,73,183,0.336,4,D,361,6859,130321,0.602059991,-0.473660723
æT. Smith,25,72,76,Huddersfield Town,England,73,185,3.7,31,D,625,15625,390625,1.491361694,0.568201724
æT. Verlinden,17,60,78,Stoke City,Belgium,68,143,0.448,5,M,289,4913,83521,0.698970004,-0.348721986
æT. Walcott,28,80,80,Arsenal,England,69,150,16.8,140,B,784,21952,614656,2.146128036,1.225309282
æToni MartÕnez,20,62,76,West Ham United,Spain,71,154,0.756,14,F,400,8000,160000,1.146128036,-0.121478204
æU. HÙnemeier,31,71,71,Brighton & Hove Albion,Germany,74,185,1.8,32,D,961,29791,923521,1.505149978,0.255272505
æV. Fernandez,19,59,74,Newcastle United,Argentina,67,154,0.364,6,ST,361,6859,130321,0.77815125,-0.438898616
æV. Kompany,31,85,85,Manchester City,Belgium,76,187,29.1,190,D,961,29791,923521,2.278753601,1.463892989
æV. Lindel_f,22,79,86,Manchester United,Sweden,74,176,16.8,118,D,484,10648,234256,2.071882007,1.225309282
æV. Moses,26,79,81,Chelsea,Nigeria,70,174,14,129,M,676,17576,456976,2.11058971,1.146128036
æV. van Dijk,25,83,86,Southampton,Netherlands,76,203,30.8,99,D,625,15625,390625,1.995635195,1.488550717
æV. Wanyama,26,82,85,Tottenham Hotspur,Kenya,72,192,25.8,111,M,676,17576,456976,2.045322979,1.411619706
æW. Bony,28,79,79,Swansea City,Ivory Coast,72,194,14.6,103,ST,784,21952,614656,2.012837225,1.164352856
æW. Caballero,35,79,79,Chelsea,Argentina,73,176,3.3,66,GK,1225,42875,1500625,1.819543936,0.51851394
æW. Hennessey,30,74,74,Crystal Palace,Wales,78,198,4,40,GK,900,27000,810000,1.602059991,0.602059991
æW. Hoedt,23,77,83,Southampton,Netherlands,74,170,11.8,69,D,529,12167,279841,1.838849091,1.071882007
æW. Hughes,22,75,84,Watford,England,73,163,11.2,47,M,484,10648,234256,1.672097858,1.049218023
æW. Morgan,33,77,77,Leicester City,Jamaica,73,223,4,70,D,1089,35937,1185921,1.84509804,0.602059991
æW. Patching,18,59,75,Manchester City,England,73,154,0.364,8,M,324,5832,104976,0.903089987,-0.438898616
æW. Reid,28,79,80,West Ham United,New Zealand,75,192,12.9,118,D,784,21952,614656,2.071882007,1.11058971
æW. Rooney,31,81,81,Everton,England,69,183,17.4,134,B,961,29791,923521,2.127104798,1.240549248
æW. Routledge,32,75,75,Swansea City,England,67,170,5.6,64,M,1024,32768,1048576,1.806179974,0.748188027
æW. Wood,20,58,71,Southampton,England,69,148,0.246,7,D,400,8000,160000,0.84509804,-0.609064893
æW. Zaha,24,81,84,Crystal Palace,Ireland,71,146,25.2,67,M,576,13824,331776,1.826074803,1.401400541
æWallace Oliveira,23,69,78,Chelsea,Brazil,69,161,1.6,45,D,529,12167,279841,1.653212514,0.204119983
æWillian,28,84,84,Chelsea,Brazil,69,170,35.3,224,M,784,21952,614656,2.350248018,1.547774705
æX. Shaqiri,25,82,85,Stoke City,Switzerland,67,159,31.4,95,M,625,15625,390625,1.977723605,1.496929648
æY. Ben El-Mhanni,21,56,65,Newcastle United,England,70,165,0.157,7,M,441,9261,194481,0.84509804,-0.804100348
æY. Benalouane,30,75,75,Leicester City,Tunisia,73,190,5.5,58,D,900,27000,810000,1.763427994,0.740362689
æY. Bolasie,28,78,78,Everton,DR Congo,74,185,11.8,118,B,784,21952,614656,2.071882007,1.071882007
æY. Cabaye,31,79,79,Crystal Palace,France,69,154,12.3,77,M,961,29791,923521,1.886490725,1.089905111
æY. Kaboul,31,75,75,Watford,France,76,192,5,49,D,961,29791,923521,1.69019608,0.698970004
æY. Tour_,34,83,83,Manchester City,Ivory Coast,74,198,14,162,M,1156,39304,1336336,2.209515015,1.146128036
æY. Valery,18,59,70,Southampton,France,71,154,0.235,5,D,324,5832,104976,0.698970004,-0.628932138
æZ. Dearnley,18,63,80,Manchester United,England,69,146,0.868,13,F,324,5832,104976,1.113943352,-0.061480275
æZ. Ibrahimovi_,35,88,88,Manchester United,Sweden,77,209,30.2,269,ST,1225,42875,1500625,2.42975228,1.480006943
K. Grosicki,29,75,75,Hull City,Poland,71,172,7.3,15,B,841,24389,707281,1.176091259,0.86332286
A. Herníçndez,26,75,75,Hull City,Uruguay,73,161,8.4,16,ST,676,17576,456976,1.204119983,0.924279286
A. McGregor,35,74,74,Hull City,Scotland,72,185,1.5,7,GK,1225,42875,1500625,0.84509804,0.176091259
R. Mason,26,74,76,Hull City,England,69,150,7.3,14,M,676,17576,456976,1.146128036,0.86332286
M. Dawson,33,74,74,Hull City,England,74,168,2.6,13,D,1089,35937,1185921,1.113943352,0.414973348
S. Larsson,32,73,73,Hull City,Sweden,70,154,3.4,14,M,1024,32768,1048576,1.146128036,0.531478917
D. Marshall,32,73,73,Hull City,Scotland,75,183,2.6,11,GK,1024,32768,1048576,1.041392685,0.414973348
M. Odubajo,23,72,79,Hull City,England,70,159,4.1,8,D,529,12167,279841,0.903089987,0.612783857
Evandro,30,72,72,Hull City,Brazil,70,159,3.2,10,M,900,27000,810000,1,0.505149978
M. Henriksen,24,71,74,Hull City,Norway,74,176,3.4,9,M,576,13824,331776,0.954242509,0.531478917
F. Campbell,29,71,71,Hull City,England,68,181,2.7,12,ST,841,24389,707281,1.079181246,0.431363764
J. Irvine,24,71,76,Hull City,Australia,74,154,3.5,9,M,576,13824,331776,0.954242509,0.544068044
M. Hector,24,71,77,Hull City,Jamaica,76,181,3.1,8,D,576,13824,331776,0.903089987,0.491361694
K. Stewart,23,71,77,Hull City,England,71,161,3.1,8,M,529,12167,279841,0.903089987,0.491361694
S. Kingsley,22,70,77,Hull City,Scotland,70,170,2.4,8,D,484,10648,234256,0.903089987,0.380211242
D. Meyler,28,70,70,Hull City,Ireland,75,179,2,11,M,784,21952,614656,1.041392685,0.301029996
A. Diomande,27,69,70,Hull City,Norway,71,165,1.4,9,ST,729,19683,531441,0.954242509,0.146128036
N. Dicko,25,69,72,Hull City,Mali,68,163,1.5,9,ST,625,15625,390625,0.954242509,0.176091259
O. Mazuch,28,68,68,Hull City,Czech Republic,74,194,0.812,8,D,784,21952,614656,0.903089987,-0.090443971
J. Toral,22,68,75,Hull City,Spain,72,170,1.4,7,M,484,10648,234256,0.84509804,0.146128036
J. Bowen,20,67,81,Hull City,England,69,154,1.9,7,F,400,8000,160000,0.84509804,0.278753601
O. Aina,20,67,81,Hull City,Nigeria,72,181,1.7,6,D,400,8000,160000,0.77815125,0.230448921
W. Keane,24,67,71,Hull City,England,74,159,1.1,8,ST,576,13824,331776,0.903089987,0.041392685
M. Clark,21,64,73,Hull City,England,71,161,0.672,3,D,441,9261,194481,0.477121255,-0.172630727
F. Tomori,19,63,79,Hull City,England,73,165,0.812,1,D,361,6859,130321,0,-0.090443971
B. Lenihan,23,63,69,Hull City,Ireland,70,172,0.476,2,D,529,12167,279841,0.301029996,-0.322393047
J. Weir,21,61,70,Hull City,England,70,157,0.448,2,M,441,9261,194481,0.301029996,-0.348721986
G. Luer,22,60,70,Hull City,England,71,161,0.364,2,ST,484,10648,234256,0.301029996,-0.438898616
C. Burton,20,57,69,Hull City,England,74,176,0.168,1,GK,400,8000,160000,0,-0.774690718
W. Mannion,19,54,73,Hull City,England,73,163,0.134,1,GK,361,6859,130321,0,-0.872895202
T. Cairney,26,77,80,Fulham,Scotland,71,183,12.3,56,M,676,17576,456976,1.748188027,1.089905111
Rui Fonte,27,76,77,Fulham,Portugal,70,161,10.1,60,ST,729,19683,531441,1.77815125,1.004321374
S. Johansen,26,75,78,Fulham,Norway,72,172,9,47,M,676,17576,456976,1.672097858,0.954242509
Rafa SoaresL,22,74,82,Fulham,Portugal,70,165,7.8,12,D,484,10648,234256,1.079181246,0.892094603
Y. Mollo,27,74,74,Fulham,France,69,174,6.7,47,ST,729,19683,531441,1.672097858,0.826074803
Lucas PiazonL,23,73,78,Fulham,Brazil,72,161,6.2,84,M,529,12167,279841,1.924279286,0.792391689
T. KalasL,24,73,79,Fulham,Czech Republic,72,176,5.2,76,D,576,13824,331776,1.880813592,0.716003344
N. Kebano,25,73,76,Fulham,DR Congo,67,143,5.6,49,B,625,15625,390625,1.69019608,0.748188027
K. McDonald,28,73,73,Fulham,Scotland,76,209,3.6,45,M,784,21952,614656,1.653212514,0.556302501
O. NorwoodL,26,72,75,Fulham,Northern Ireland,69,152,4.3,35,M,676,17576,456976,1.544068044,0.633468456
F. Ayit_,28,72,72,Fulham,Togo,69,161,3.6,38,B,784,21952,614656,1.579783597,0.556302501
D. Odoi,29,71,71,Fulham,Belgium,70,157,2,32,D,841,24389,707281,1.505149978,0.301029996
I. Ciss_,23,71,76,Fulham,Belgium,71,185,3,26,M,529,12167,279841,1.414973348,0.477121255
R. Fredericks,24,70,73,Fulham,England,71,163,2.1,26,D,576,13824,331776,1.414973348,0.322219295
M. Madl,29,70,70,Fulham,Austria,71,163,1.5,32,D,841,24389,707281,1.505149978,0.176091259
A. Kamara,22,69,78,Fulham,France,70,179,1.8,27,ST,484,10648,234256,1.431363764,0.255272505
T. Ream,29,69,69,Fulham,United States,73,174,0.924,27,D,841,24389,707281,1.431363764,-0.034328029
S. Ojo L,20,68,83,Fulham,England,70,181,2.2,42,M,400,8000,160000,1.62324929,0.342422681
M. Bettinelli,25,68,73,Fulham,England,76,181,0.952,19,GK,625,15625,390625,1.278753601,-0.021363052
D. Button,28,68,68,Fulham,England,75,192,0.7,22,GK,784,21952,614656,1.342422681,-0.15490196
Marcelo DjalÑ,23,67,73,Fulham,Spain,76,190,1,22,D,529,12167,279841,1.342422681,0
J. Graham L,22,67,76,Fulham,England,72,161,1.3,27,M,484,10648,234256,1.431363764,0.113943352
R. Sessegnon,17,66,85,Fulham,England,70,154,1.3,6,B,289,4913,83521,0.77815125,0.113943352
G. Williams,21,64,74,Fulham,Wales,68,161,0.812,1,M,441,9261,194481,0,-0.090443971
S. Kavanagh,23,63,67,Fulham,Ireland,69,137,0.448,7,B,529,12167,279841,0.84509804,-0.348721986
A. Edun,19,60,74,Fulham,England,67,163,0.504,4,B,361,6859,130321,0.602059991,-0.297569464
S. Humphrys,19,59,71,Fulham,England,73,201,0.302,4,ST,361,6859,130321,0.602059991,-0.519993057
M. Ka¥t,19,58,71,Fulham,Estonia,73,161,0.269,4,M,361,6859,130321,0.602059991,-0.57024772
L. de la Torre,19,58,74,Fulham,United States,70,150,0.302,4,M,361,6859,130321,0.602059991,-0.519993057
S. Sessegnon,17,57,77,Fulham,England,69,150,0.202,3,D,289,4913,83521,0.477121255,-0.694648631